mt_id,pp_id,hyd_erg_bc
0,2,0.50118446641446
0,3,0.537970711558608
0,4,0.784368606550331
0,1,0.519353517597143
0,0,0.5
